聚源内部编码,股票代码,万得代码
InnerCode,SecuCode,WindCode
3,000001,000001.SZ
6,000002,000002.SZ
14,000004,000004.SZ
17,000005,000005.SZ
20,000006,000006.SZ
23,000007,000007.SZ
26,000008,000008.SZ
28,000009,000009.SZ
31,000010,000010.SZ
34,000011,000011.SZ
38,000012,000012.SZ
43,000014,000014.SZ
47,000016,000016.SZ
49,000017,000017.SZ
51,000018,000018.SZ
53,000019,000019.SZ
55,000020,000020.SZ
57,000021,000021.SZ
58,000022,000022.SZ
60,000023,000023.SZ
61,000024,000024.SZ
63,000025,000025.SZ
65,000026,000026.SZ
67,000027,000027.SZ
68,000028,000028.SZ
70,000029,000029.SZ
72,000030,000030.SZ
74,000031,000031.SZ
75,000032,000032.SZ
76,000033,000033.SZ
77,000034,000034.SZ
78,000035,000035.SZ
79,000036,000036.SZ
80,000037,000037.SZ
82,000038,000038.SZ
83,000039,000039.SZ
85,000040,000040.SZ
86,000042,000042.SZ
87,000043,000043.SZ
88,000045,000045.SZ
90,000046,000046.SZ
92,000048,000048.SZ
93,000049,000049.SZ
94,000050,000050.SZ
95,000055,000055.SZ
97,000056,000056.SZ
99,000058,000058.SZ
101,000059,000059.SZ
102,000060,000060.SZ
103,000061,000061.SZ
104,000062,000062.SZ
105,000063,000063.SZ
106,000065,000065.SZ
107,000066,000066.SZ
108,000068,000068.SZ
109,000069,000069.SZ
111,000070,000070.SZ
112,000078,000078.SZ
113,000088,000088.SZ
114,000089,000089.SZ
115,000090,000090.SZ
116,000096,000096.SZ
117,000099,000099.SZ
118,000100,000100.SZ
119,000150,000150.SZ
120,000151,000151.SZ
121,000153,000153.SZ
122,000155,000155.SZ
123,000156,000156.SZ
124,000157,000157.SZ
125,000158,000158.SZ
126,000159,000159.SZ
141,000301,000301.SZ
147,000400,000400.SZ
148,000401,000401.SZ
149,000402,000402.SZ
150,000403,000403.SZ
151,000404,000404.SZ
153,000406,000406.SZ
154,000407,000407.SZ
155,000408,000408.SZ
156,000409,000409.SZ
157,000410,000410.SZ
158,000411,000411.SZ
160,000413,000413.SZ
162,000415,000415.SZ
163,000416,000416.SZ
164,000417,000417.SZ
165,000418,000418.SZ
167,000419,000419.SZ
168,000420,000420.SZ
169,000421,000421.SZ
170,000422,000422.SZ
171,000423,000423.SZ
172,000425,000425.SZ
173,000426,000426.SZ
174,000428,000428.SZ
175,000429,000429.SZ
177,000430,000430.SZ
178,000488,000488.SZ
180,000498,000498.SZ
181,000501,000501.SZ
182,000502,000502.SZ
184,000503,000503.SZ
185,000504,000504.SZ
186,000505,000505.SZ
188,000506,000506.SZ
189,000507,000507.SZ
190,000508,000508.SZ
191,000509,000509.SZ
192,000510,000510.SZ
193,000511,000511.SZ
194,000513,000513.SZ
196,000514,000514.SZ
197,000515,000515.SZ
198,000516,000516.SZ
199,000517,000517.SZ
200,000518,000518.SZ
201,000519,000519.SZ
202,000520,000520.SZ
203,000521,000521.SZ
205,000522,000522.SZ
206,000523,000523.SZ
207,000524,000524.SZ
208,000525,000525.SZ
209,000526,000526.SZ
210,000527,000527.SZ
211,000528,000528.SZ
212,000529,000529.SZ
213,000530,000530.SZ
215,000531,000531.SZ
216,000532,000532.SZ
217,000533,000533.SZ
218,000534,000534.SZ
220,000536,000536.SZ
221,000537,000537.SZ
222,000538,000538.SZ
223,000539,000539.SZ
225,000540,000540.SZ
226,000541,000541.SZ
228,000542,000542.SZ
229,000543,000543.SZ
230,000544,000544.SZ
231,000545,000545.SZ
232,000546,000546.SZ
233,000547,000547.SZ
234,000548,000548.SZ
235,000549,000549.SZ
236,000550,000550.SZ
238,000551,000551.SZ
239,000552,000552.SZ
240,000553,000553.SZ
242,000554,000554.SZ
243,000555,000555.SZ
245,000557,000557.SZ
246,000558,000558.SZ
247,000559,000559.SZ
248,000560,000560.SZ
249,000561,000561.SZ
250,000562,000562.SZ
251,000563,000563.SZ
252,000564,000564.SZ
253,000565,000565.SZ
254,000566,000566.SZ
255,000567,000567.SZ
256,000568,000568.SZ
257,000569,000569.SZ
258,000570,000570.SZ
260,000571,000571.SZ
261,000572,000572.SZ
262,000573,000573.SZ
263,000576,000576.SZ
264,000578,000578.SZ
265,000581,000581.SZ
267,000582,000582.SZ
269,000584,000584.SZ
270,000585,000585.SZ
272,000586,000586.SZ
273,000587,000587.SZ
275,000589,000589.SZ
276,000590,000590.SZ
277,000591,000591.SZ
278,000592,000592.SZ
279,000593,000593.SZ
281,000595,000595.SZ
282,000596,000596.SZ
284,000597,000597.SZ
285,000598,000598.SZ
286,000599,000599.SZ
287,000600,000600.SZ
288,000601,000601.SZ
289,000602,000602.SZ
290,000603,000603.SZ
291,000605,000605.SZ
292,000606,000606.SZ
293,000607,000607.SZ
294,000608,000608.SZ
295,000609,000609.SZ
296,000610,000610.SZ
297,000611,000611.SZ
298,000612,000612.SZ
299,000613,000613.SZ
301,000615,000615.SZ
302,000616,000616.SZ
303,000617,000617.SZ
304,000618,000618.SZ
306,000619,000619.SZ
307,000620,000620.SZ
309,000622,000622.SZ
310,000623,000623.SZ
311,000625,000625.SZ
313,000626,000626.SZ
314,000627,000627.SZ
315,000628,000628.SZ
316,000629,000629.SZ
318,000630,000630.SZ
320,000631,000631.SZ
321,000632,000632.SZ
322,000633,000633.SZ
323,000635,000635.SZ
324,000636,000636.SZ
325,000637,000637.SZ
326,000638,000638.SZ
327,000639,000639.SZ
328,000650,000650.SZ
329,000651,000651.SZ
330,000652,000652.SZ
332,000655,000655.SZ
333,000656,000656.SZ
334,000657,000657.SZ
336,000659,000659.SZ
338,000661,000661.SZ
339,000662,000662.SZ
340,000663,000663.SZ
341,000665,000665.SZ
342,000666,000666.SZ
344,000667,000667.SZ
345,000668,000668.SZ
346,000669,000669.SZ
347,000670,000670.SZ
348,000671,000671.SZ
349,000672,000672.SZ
350,000673,000673.SZ
352,000676,000676.SZ
353,000677,000677.SZ
354,000678,000678.SZ
355,000679,000679.SZ
356,000680,000680.SZ
357,000681,000681.SZ
358,000682,000682.SZ
359,000683,000683.SZ
360,000685,000685.SZ
361,000686,000686.SZ
362,000687,000687.SZ
363,000688,000688.SZ
365,000690,000690.SZ
366,000691,000691.SZ
367,000692,000692.SZ
368,000693,000693.SZ
369,000695,000695.SZ
372,001696,001696.SZ
373,000697,000697.SZ
374,000698,000698.SZ
376,000700,000700.SZ
377,000701,000701.SZ
378,000702,000702.SZ
379,000703,000703.SZ
380,000705,000705.SZ
381,000707,000707.SZ
382,000708,000708.SZ
383,000709,000709.SZ
384,000710,000710.SZ
385,000711,000711.SZ
386,000712,000712.SZ
387,000713,000713.SZ
388,000715,000715.SZ
389,000716,000716.SZ
390,000717,000717.SZ
391,000718,000718.SZ
392,000719,000719.SZ
393,000720,000720.SZ
394,000721,000721.SZ
395,000722,000722.SZ
396,000723,000723.SZ
397,000725,000725.SZ
399,000726,000726.SZ
401,000727,000727.SZ
402,000728,000728.SZ
403,000729,000729.SZ
406,000731,000731.SZ
407,000732,000732.SZ
408,000733,000733.SZ
409,000735,000735.SZ
410,000736,000736.SZ
411,000737,000737.SZ
412,000738,000738.SZ
413,000739,000739.SZ
414,000748,000748.SZ
415,000750,000750.SZ
416,000751,000751.SZ
417,000752,000752.SZ
418,000753,000753.SZ
419,000755,000755.SZ
420,000756,000756.SZ
422,000757,000757.SZ
423,000758,000758.SZ
424,000759,000759.SZ
425,000760,000760.SZ
426,000761,000761.SZ
428,000762,000762.SZ
429,000763,000763.SZ
431,000766,000766.SZ
432,000767,000767.SZ
433,000768,000768.SZ
435,000776,000776.SZ
436,000777,000777.SZ
437,000778,000778.SZ
438,000779,000779.SZ
439,000780,000780.SZ
440,000782,000782.SZ
441,000783,000783.SZ
442,000785,000785.SZ
443,000786,000786.SZ
445,000788,000788.SZ
446,000789,000789.SZ
447,000790,000790.SZ
448,000791,000791.SZ
449,000792,000792.SZ
450,000793,000793.SZ
451,000795,000795.SZ
452,000796,000796.SZ
453,000797,000797.SZ
454,000798,000798.SZ
455,000799,000799.SZ
456,000800,000800.SZ
457,000801,000801.SZ
458,000802,000802.SZ
459,000803,000803.SZ
461,000806,000806.SZ
462,000807,000807.SZ
463,000809,000809.SZ
464,000810,000810.SZ
465,000811,000811.SZ
466,000812,000812.SZ
467,000813,000813.SZ
468,000815,000815.SZ
469,000816,000816.SZ
470,000817,000817.SZ
471,000818,000818.SZ
472,000819,000819.SZ
473,000820,000820.SZ
474,000821,000821.SZ
475,000822,000822.SZ
476,000823,000823.SZ
477,000825,000825.SZ
478,000826,000826.SZ
480,000828,000828.SZ
481,000829,000829.SZ
482,000830,000830.SZ
483,000831,000831.SZ
485,000833,000833.SZ
486,000835,000835.SZ
487,000836,000836.SZ
488,000837,000837.SZ
489,000838,000838.SZ
490,000839,000839.SZ
491,000848,000848.SZ
492,000850,000850.SZ
493,000851,000851.SZ
494,000852,000852.SZ
495,000856,000856.SZ
496,000858,000858.SZ
497,000859,000859.SZ
498,000860,000860.SZ
499,000861,000861.SZ
500,000862,000862.SZ
501,000863,000863.SZ
502,000866,000866.SZ
503,000868,000868.SZ
504,000869,000869.SZ
506,000875,000875.SZ
507,000876,000876.SZ
508,000877,000877.SZ
509,000878,000878.SZ
510,000880,000880.SZ
511,000881,000881.SZ
512,000882,000882.SZ
513,000883,000883.SZ
514,000885,000885.SZ
515,000886,000886.SZ
516,000887,000887.SZ
517,000888,000888.SZ
518,000889,000889.SZ
519,000890,000890.SZ
520,000892,000892.SZ
521,000893,000893.SZ
522,000895,000895.SZ
525,001896,001896.SZ
526,000897,000897.SZ
527,000898,000898.SZ
530,000899,000899.SZ
531,000900,000900.SZ
532,000901,000901.SZ
533,000902,000902.SZ
534,000903,000903.SZ
535,000905,000905.SZ
536,000906,000906.SZ
537,000908,000908.SZ
538,000909,000909.SZ
539,000910,000910.SZ
540,000911,000911.SZ
541,000912,000912.SZ
542,000913,000913.SZ
543,000915,000915.SZ
544,000916,000916.SZ
545,000917,000917.SZ
546,000918,000918.SZ
547,000919,000919.SZ
548,000920,000920.SZ
549,000921,000921.SZ
551,000922,000922.SZ
552,000923,000923.SZ
553,000925,000925.SZ
554,000926,000926.SZ
555,000927,000927.SZ
556,000928,000928.SZ
557,000929,000929.SZ
558,000930,000930.SZ
560,000931,000931.SZ
561,000932,000932.SZ
562,000933,000933.SZ
563,000935,000935.SZ
564,000936,000936.SZ
566,000937,000937.SZ
567,000938,000938.SZ
568,000939,000939.SZ
569,000948,000948.SZ
570,000949,000949.SZ
571,000950,000950.SZ
572,000951,000951.SZ
573,000952,000952.SZ
574,000953,000953.SZ
575,000955,000955.SZ
576,000956,000956.SZ
577,000957,000957.SZ
578,000958,000958.SZ
579,000959,000959.SZ
581,000960,000960.SZ
582,000961,000961.SZ
583,000962,000962.SZ
584,000963,000963.SZ
585,000965,000965.SZ
586,000966,000966.SZ
587,000967,000967.SZ
588,000968,000968.SZ
589,000969,000969.SZ
590,000970,000970.SZ
591,000971,000971.SZ
592,000972,000972.SZ
593,000973,000973.SZ
594,000975,000975.SZ
595,000976,000976.SZ
596,000977,000977.SZ
597,000978,000978.SZ
598,000979,000979.SZ
599,000980,000980.SZ
600,000981,000981.SZ
601,000982,000982.SZ
602,000983,000983.SZ
603,000985,000985.SZ
604,000987,000987.SZ
605,000988,000988.SZ
606,000989,000989.SZ
607,000990,000990.SZ
609,000993,000993.SZ
610,000995,000995.SZ
611,000996,000996.SZ
612,000997,000997.SZ
613,000998,000998.SZ
614,000999,000999.SZ
615,002001,002001.SZ
1088,002181,002181.SZ
1120,600000,600000.SH
1121,600001,600001.SH
1123,600002,600002.SH
1124,600003,600003.SH
1125,600004,600004.SH
1127,600005,600005.SH
1128,600006,600006.SH
1129,600007,600007.SH
1130,600008,600008.SH
1131,600009,600009.SH
1133,600010,600010.SH
1134,600011,600011.SH
1136,600012,600012.SH
1139,600015,600015.SH
1141,600016,600016.SH
1143,990018,990018.SH
1144,600019,600019.SH
1145,600020,600020.SH
1147,600021,600021.SH
1149,600026,600026.SH
1151,600028,600028.SH
1154,600029,600029.SH
1157,600030,600030.SH
1159,600031,600031.SH
1161,600033,600033.SH
1162,600035,600035.SH
1164,600036,600036.SH
1165,600037,600037.SH
1167,600038,600038.SH
1168,600039,600039.SH
1170,600050,600050.SH
1172,600051,600051.SH
1173,600052,600052.SH
1174,600053,600053.SH
1175,600054,600054.SH
1177,600055,600055.SH
1178,600056,600056.SH
1179,600057,600057.SH
1180,600058,600058.SH
1181,600059,600059.SH
1182,600060,600060.SH
1183,600061,600061.SH
1184,600062,600062.SH
1185,600063,600063.SH
1186,600064,600064.SH
1188,600066,600066.SH
1189,600067,600067.SH
1190,600068,600068.SH
1191,600069,600069.SH
1192,600070,600070.SH
1193,600071,600071.SH
1194,600072,600072.SH
1195,600073,600073.SH
1196,600074,600074.SH
1197,600075,600075.SH
1198,600076,600076.SH
1199,600077,600077.SH
1200,600078,600078.SH
1201,600079,600079.SH
1202,600080,600080.SH
1203,600081,600081.SH
1204,600082,600082.SH
1205,600083,600083.SH
1206,600084,600084.SH
1207,600085,600085.SH
1208,600086,600086.SH
1211,600088,600088.SH
1212,600089,600089.SH
1213,600090,600090.SH
1214,600091,600091.SH
1216,600093,600093.SH
1217,600094,600094.SH
1219,600095,600095.SH
1220,600096,600096.SH
1222,600097,600097.SH
1223,600098,600098.SH
1224,600099,600099.SH
1225,600100,600100.SH
1226,600101,600101.SH
1227,600102,600102.SH
1228,600103,600103.SH
1229,600104,600104.SH
1230,600105,600105.SH
1231,600106,600106.SH
1232,600107,600107.SH
1233,600108,600108.SH
1234,600109,600109.SH
1235,600110,600110.SH
1236,600111,600111.SH
1237,600112,600112.SH
1238,600113,600113.SH
1239,600114,600114.SH
1241,600115,600115.SH
1243,600116,600116.SH
1244,600117,600117.SH
1246,600118,600118.SH
1247,600119,600119.SH
1248,600120,600120.SH
1249,600121,600121.SH
1250,600122,600122.SH
1251,600123,600123.SH
1252,600125,600125.SH
1253,600126,600126.SH
1254,600127,600127.SH
1255,600128,600128.SH
1256,600129,600129.SH
1257,600130,600130.SH
1258,600131,600131.SH
1259,600132,600132.SH
1260,600133,600133.SH
1261,600135,600135.SH
1262,600136,600136.SH
1263,600137,600137.SH
1264,600138,600138.SH
1265,600139,600139.SH
1266,600141,600141.SH
1267,600145,600145.SH
1268,600146,600146.SH
1269,600148,600148.SH
1270,600149,600149.SH
1271,600150,600150.SH
1272,600151,600151.SH
1273,600152,600152.SH
1274,600153,600153.SH
1275,600155,600155.SH
1276,600156,600156.SH
1277,600157,600157.SH
1278,600158,600158.SH
1279,600159,600159.SH
1280,600160,600160.SH
1281,600161,600161.SH
1282,600162,600162.SH
1283,600163,600163.SH
1284,600165,600165.SH
1285,600166,600166.SH
1286,600167,600167.SH
1287,600168,600168.SH
1288,600169,600169.SH
1289,600170,600170.SH
1290,600171,600171.SH
1291,600172,600172.SH
1292,600173,600173.SH
1293,600175,600175.SH
1294,600176,600176.SH
1295,600177,600177.SH
1297,600178,600178.SH
1298,600179,600179.SH
1299,600180,600180.SH
1300,600181,600181.SH
1301,600182,600182.SH
1302,600183,600183.SH
1303,600184,600184.SH
1305,600185,600185.SH
1306,600186,600186.SH
1307,600187,600187.SH
1308,600188,600188.SH
1310,600189,600189.SH
1311,600190,600190.SH
1313,600191,600191.SH
1314,600192,600192.SH
1315,600193,600193.SH
1316,600195,600195.SH
1317,600196,600196.SH
1319,600197,600197.SH
1320,600198,600198.SH
1321,600199,600199.SH
1322,600200,600200.SH
1323,600201,600201.SH
1324,600202,600202.SH
1325,600203,600203.SH
1326,600205,600205.SH
1327,600206,600206.SH
1328,600207,600207.SH
1329,600208,600208.SH
1330,600209,600209.SH
1331,600210,600210.SH
1332,600211,600211.SH
1333,600212,600212.SH
1334,600213,600213.SH
1335,600215,600215.SH
1336,600216,600216.SH
1337,600217,600217.SH
1338,600218,600218.SH
1339,600219,600219.SH
1340,600220,600220.SH
1342,600221,600221.SH
1344,600222,600222.SH
1345,600223,600223.SH
1346,600225,600225.SH
1347,600226,600226.SH
1348,600227,600227.SH
1349,600228,600228.SH
1350,600229,600229.SH
1351,600230,600230.SH
1352,600231,600231.SH
1353,600232,600232.SH
1354,600233,600233.SH
1355,600234,600234.SH
1356,600235,600235.SH
1357,600236,600236.SH
1359,600237,600237.SH
1360,600238,600238.SH
1361,600239,600239.SH
1362,600240,600240.SH
1363,600241,600241.SH
1364,600242,600242.SH
1365,600243,600243.SH
1366,600246,600246.SH
1367,600247,600247.SH
1368,600248,600248.SH
1369,600249,600249.SH
1371,600250,600250.SH
1372,600251,600251.SH
1374,600252,600252.SH
1375,600253,600253.SH
1376,600255,600255.SH
1377,600256,600256.SH
1378,600257,600257.SH
1379,600258,600258.SH
1380,600259,600259.SH
1381,600260,600260.SH
1382,600261,600261.SH
1383,600262,600262.SH
1384,600263,600263.SH
1385,600265,600265.SH
1386,600266,600266.SH
1387,600267,600267.SH
1388,600268,600268.SH
1389,600269,600269.SH
1390,600270,600270.SH
1391,600271,600271.SH
1393,600272,600272.SH
1395,600273,600273.SH
1397,600275,600275.SH
1398,600276,600276.SH
1399,600277,600277.SH
1400,600278,600278.SH
1401,600279,600279.SH
1402,600280,600280.SH
1403,600281,600281.SH
1404,600282,600282.SH
1405,600283,600283.SH
1406,600284,600284.SH
1408,600285,600285.SH
1410,600287,600287.SH
1411,600288,600288.SH
1412,600289,600289.SH
1413,600290,600290.SH
1414,600291,600291.SH
1415,600292,600292.SH
1416,600293,600293.SH
1417,600295,600295.SH
1419,600296,600296.SH
1420,600297,600297.SH
1421,600298,600298.SH
1422,600299,600299.SH
1423,600300,600300.SH
1424,600301,600301.SH
1426,600302,600302.SH
1427,600303,600303.SH
1428,600305,600305.SH
1429,600306,600306.SH
1430,600307,600307.SH
1431,600308,600308.SH
1432,600309,600309.SH
1433,600310,600310.SH
1434,600311,600311.SH
1435,600312,600312.SH
1436,600313,600313.SH
1437,600315,600315.SH
1438,600316,600316.SH
1439,600317,600317.SH
1441,600318,600318.SH
1442,600319,600319.SH
1443,600320,600320.SH
1445,600321,600321.SH
1446,600322,600322.SH
1447,600323,600323.SH
1448,600325,600325.SH
1450,600326,600326.SH
1451,600327,600327.SH
1453,600328,600328.SH
1454,600329,600329.SH
1455,600330,600330.SH
1456,600331,600331.SH
1457,600332,600332.SH
1459,600333,600333.SH
1460,600335,600335.SH
1461,600336,600336.SH
1462,600337,600337.SH
1463,600338,600338.SH
1464,600339,600339.SH
1465,600340,600340.SH
1467,600343,600343.SH
1469,600345,600345.SH
1470,600346,600346.SH
1471,600348,600348.SH
1473,600349,600349.SH
1475,600350,600350.SH
1476,600351,600351.SH
1478,600352,600352.SH
1480,600353,600353.SH
1482,600354,600354.SH
1484,600355,600355.SH
1486,600356,600356.SH
1487,600357,600357.SH
1489,600358,600358.SH
1490,600359,600359.SH
1491,600360,600360.SH
1492,600361,600361.SH
1493,600362,600362.SH
1495,600363,600363.SH
1496,600365,600365.SH
1497,600366,600366.SH
1498,600367,600367.SH
1499,600368,600368.SH
1500,600369,600369.SH
1501,600370,600370.SH
1503,600371,600371.SH
1505,600372,600372.SH
1506,600373,600373.SH
1507,600375,600375.SH
1509,600376,600376.SH
1510,600377,600377.SH
1512,600378,600378.SH
1513,600379,600379.SH
1514,600380,600380.SH
1515,600381,600381.SH
1516,600382,600382.SH
1517,600383,600383.SH
1518,600385,600385.SH
1519,600386,600386.SH
1520,600387,600387.SH
1522,600388,600388.SH
1523,600389,600389.SH
1524,600390,600390.SH
1525,600391,600391.SH
1526,600392,600392.SH
1528,600393,600393.SH
1529,600395,600395.SH
1530,600396,600396.SH
1531,600397,600397.SH
1533,600398,600398.SH
1534,600399,600399.SH
1535,600400,600400.SH
1536,600401,600401.SH
1538,600403,600403.SH
1540,600405,600405.SH
1542,600406,600406.SH
1544,600408,600408.SH
1546,600409,600409.SH
1548,600410,600410.SH
1550,600415,600415.SH
1551,600416,600416.SH
1553,600418,600418.SH
1555,600419,600419.SH
1556,600420,600420.SH
1558,600421,600421.SH
1560,600422,600422.SH
1561,600423,600423.SH
1563,600425,600425.SH
1565,600426,600426.SH
1567,600428,600428.SH
1568,600429,600429.SH
1570,600432,600432.SH
1572,600433,600433.SH
1574,600435,600435.SH
1576,600436,600436.SH
1578,600438,600438.SH
1580,600439,600439.SH
1582,600444,600444.SH
1584,600446,600446.SH
1586,600448,600448.SH
1587,600449,600449.SH
1589,600452,600452.SH
1591,600455,600455.SH
1593,600456,600456.SH
1594,600458,600458.SH
1596,600459,600459.SH
1598,600460,600460.SH
1600,600461,600461.SH
1602,600462,600462.SH
1604,600463,600463.SH
1606,600466,600466.SH
1607,600467,600467.SH
1609,600468,600468.SH
1610,600469,600469.SH
1612,600470,600470.SH
1614,600475,600475.SH
1616,600476,600476.SH
1618,600477,600477.SH
1620,600478,600478.SH
1622,600479,600479.SH
1624,600480,600480.SH
1626,600481,600481.SH
1628,600483,600483.SH
1630,600485,600485.SH
1632,600486,600486.SH
1633,600487,600487.SH
1635,600488,600488.SH
1636,600489,600489.SH
1638,600490,600490.SH
1640,600491,600491.SH
1642,600493,600493.SH
1644,600495,600495.SH
1646,600496,600496.SH
1647,600497,600497.SH
1649,600498,600498.SH
1650,600499,600499.SH
1652,600500,600500.SH
1653,600501,600501.SH
1654,600502,600502.SH
1656,600503,600503.SH
1658,600505,600505.SH
1659,600506,600506.SH
1660,600507,600507.SH
1662,600508,600508.SH
1663,600509,600509.SH
1664,600510,600510.SH
1666,600511,600511.SH
1668,600512,600512.SH
1670,600513,600513.SH
1672,600515,600515.SH
1674,600516,600516.SH
1676,600517,600517.SH
1678,600518,600518.SH
1679,600519,600519.SH
1680,600520,600520.SH
1681,600521,600521.SH
1683,600522,600522.SH
1685,600523,600523.SH
1686,600525,600525.SH
1688,600526,600526.SH
1690,600527,600527.SH
1692,600528,600528.SH
1693,600529,600529.SH
1694,600530,600530.SH
1695,600531,600531.SH
1697,600532,600532.SH
1699,600533,600533.SH
1700,600535,600535.SH
1702,600536,600536.SH
1703,600537,600537.SH
1705,600538,600538.SH
1707,600539,600539.SH
1708,600540,600540.SH
1710,600543,600543.SH
1712,600545,600545.SH
1714,600546,600546.SH
1716,600547,600547.SH
1718,600548,600548.SH
1720,600549,600549.SH
1722,600550,600550.SH
1723,600551,600551.SH
1725,600552,600552.SH
1727,600553,600553.SH
1729,600555,600555.SH
1731,600556,600556.SH
1732,600557,600557.SH
1734,600558,600558.SH
1735,600559,600559.SH
1737,600560,600560.SH
1739,600561,600561.SH
1741,600562,600562.SH
1743,600563,600563.SH
1745,600565,600565.SH
1747,600566,600566.SH
1748,600567,600567.SH
1750,600568,600568.SH
1751,600569,600569.SH
1752,600570,600570.SH
1754,600571,600571.SH
1756,600572,600572.SH
1758,600573,600573.SH
1760,600575,600575.SH
1762,600576,600576.SH
1764,600577,600577.SH
1766,600578,600578.SH
1767,600579,600579.SH
1769,600580,600580.SH
1770,600581,600581.SH
1772,600582,600582.SH
1773,600583,600583.SH
1774,600584,600584.SH
1776,600585,600585.SH
1778,600586,600586.SH
1780,600587,600587.SH
1782,600588,600588.SH
1783,600589,600589.SH
1784,600590,600590.SH
1786,600591,600591.SH
1788,600592,600592.SH
1790,600593,600593.SH
1792,600594,600594.SH
1794,600595,600595.SH
1796,600596,600596.SH
1797,600597,600597.SH
1799,600598,600598.SH
1800,600599,600599.SH
1801,600600,600600.SH
1803,600601,600601.SH
1804,600602,600602.SH
1806,600603,600603.SH
1807,600604,600604.SH
1809,600605,600605.SH
1810,600606,600606.SH
1811,600607,600607.SH
1812,600608,600608.SH
1813,600609,600609.SH
1814,600610,600610.SH
1816,600611,600611.SH
1818,600612,600612.SH
1820,600613,600613.SH
1822,600614,600614.SH
1824,600615,600615.SH
1825,600616,600616.SH
1826,600617,600617.SH
1828,600618,600618.SH
1830,600619,600619.SH
1832,600620,600620.SH
1833,600621,600621.SH
1834,600622,600622.SH
1835,600623,600623.SH
1837,600624,600624.SH
1840,600626,600626.SH
1841,600627,600627.SH
1842,600628,600628.SH
1843,600629,600629.SH
1844,600630,600630.SH
1845,600631,600631.SH
1846,600632,600632.SH
1847,600633,600633.SH
1848,600634,600634.SH
1849,600635,600635.SH
1850,600636,600636.SH
1851,600637,600637.SH
1852,600638,600638.SH
1853,600639,600639.SH
1855,600640,600640.SH
1856,600641,600641.SH
1857,600642,600642.SH
1858,600643,600643.SH
1859,600644,600644.SH
1860,600645,600645.SH
1862,600647,600647.SH
1863,600648,600648.SH
1865,600649,600649.SH
1866,600650,600650.SH
1868,600651,600651.SH
1869,600652,600652.SH
1870,600653,600653.SH
1871,600654,600654.SH
1872,600655,600655.SH
1873,600656,600656.SH
1874,600657,600657.SH
1875,600658,600658.SH
1877,600660,600660.SH
1878,600661,600661.SH
1879,600662,600662.SH
1880,600663,600663.SH
1882,600664,600664.SH
1883,600665,600665.SH
1884,600666,600666.SH
1885,600667,600667.SH
1886,600668,600668.SH
1889,600671,600671.SH
1891,600673,600673.SH
1892,600674,600674.SH
1893,600675,600675.SH
1894,600676,600676.SH
1895,600677,600677.SH
1896,600678,600678.SH
1897,600679,600679.SH
1899,600680,600680.SH
1901,600681,600681.SH
1902,600682,600682.SH
1903,600683,600683.SH
1904,600684,600684.SH
1905,600685,600685.SH
1907,600686,600686.SH
1908,600687,600687.SH
1909,600688,600688.SH
1911,600689,600689.SH
1913,600690,600690.SH
1914,600691,600691.SH
1915,600692,600692.SH
1916,600693,600693.SH
1917,600694,600694.SH
1918,600695,600695.SH
1920,600696,600696.SH
1921,600697,600697.SH
1922,600698,600698.SH
1924,600699,600699.SH
1926,600701,600701.SH
1927,600702,600702.SH
1928,600703,600703.SH
1929,600704,600704.SH
1930,600705,600705.SH
1931,600706,600706.SH
1932,600707,600707.SH
1933,600708,600708.SH
1935,600710,600710.SH
1936,600711,600711.SH
1937,600712,600712.SH
1938,600713,600713.SH
1939,600714,600714.SH
1940,600715,600715.SH
1941,600716,600716.SH
1942,600717,600717.SH
1943,600718,600718.SH
1944,600719,600719.SH
1945,600720,600720.SH
1946,600721,600721.SH
1947,600722,600722.SH
1948,600723,600723.SH
1949,600724,600724.SH
1950,600725,600725.SH
1951,600726,600726.SH
1954,600727,600727.SH
1955,600728,600728.SH
1956,600729,600729.SH
1957,600730,600730.SH
1958,600731,600731.SH
1959,600732,600732.SH
1960,600733,600733.SH
1961,600734,600734.SH
1962,600735,600735.SH
1963,600736,600736.SH
1964,600737,600737.SH
1965,600738,600738.SH
1966,600739,600739.SH
1967,600740,600740.SH
1968,600741,600741.SH
1969,600742,600742.SH
1970,600743,600743.SH
1971,600744,600744.SH
1972,600745,600745.SH
1973,600746,600746.SH
1974,600747,600747.SH
1975,600748,600748.SH
1976,600749,600749.SH
1977,600750,600750.SH
1978,600751,600751.SH
1981,600753,600753.SH
1982,600754,600754.SH
1984,600755,600755.SH
1985,600756,600756.SH
1986,600757,600757.SH
1987,600758,600758.SH
1988,600759,600759.SH
1989,600760,600760.SH
1990,600761,600761.SH
1992,600763,600763.SH
1993,600764,600764.SH
1994,600765,600765.SH
1995,600766,600766.SH
1996,600767,600767.SH
1997,600768,600768.SH
1998,600769,600769.SH
1999,600770,600770.SH
2000,600771,600771.SH
2002,600773,600773.SH
2003,600774,600774.SH
2004,600775,600775.SH
2006,600776,600776.SH
2008,600777,600777.SH
2009,600778,600778.SH
2010,600779,600779.SH
2011,600780,600780.SH
2012,600781,600781.SH
2013,600782,600782.SH
2014,600783,600783.SH
2015,600784,600784.SH
2016,600785,600785.SH
2017,600786,600786.SH
2018,600787,600787.SH
2020,600789,600789.SH
2021,600790,600790.SH
2022,600791,600791.SH
2023,600792,600792.SH
2024,600793,600793.SH
2025,600794,600794.SH
2026,600795,600795.SH
2028,600796,600796.SH
2029,600797,600797.SH
2030,600798,600798.SH
2032,600800,600800.SH
2033,600801,600801.SH
2035,600802,600802.SH
2036,600803,600803.SH
2037,600804,600804.SH
2038,600805,600805.SH
2039,600806,600806.SH
2041,600807,600807.SH
2042,600808,600808.SH
2044,600809,600809.SH
2045,600810,600810.SH
2046,600811,600811.SH
2047,600812,600812.SH
2049,600814,600814.SH
2050,600815,600815.SH
2051,600816,600816.SH
2052,600817,600817.SH
2053,600818,600818.SH
2055,600819,600819.SH
2057,600820,600820.SH
2058,600821,600821.SH
2059,600822,600822.SH
2061,600823,600823.SH
2062,600824,600824.SH
2063,600825,600825.SH
2064,600826,600826.SH
2065,600827,600827.SH
2067,600828,600828.SH
2068,600829,600829.SH
2069,600830,600830.SH
2070,600831,600831.SH
2071,600832,600832.SH
2072,600833,600833.SH
2073,600834,600834.SH
2074,600835,600835.SH
2076,600836,600836.SH
2077,600837,600837.SH
2078,600838,600838.SH
2079,600839,600839.SH
2080,600840,600840.SH
2081,600841,600841.SH
2083,600842,600842.SH
2084,600843,600843.SH
2086,600844,600844.SH
2088,600845,600845.SH
2090,600846,600846.SH
2091,600847,600847.SH
2092,600848,600848.SH
2094,601607,601607.SH
2095,600850,600850.SH
2096,600851,600851.SH
2099,600853,600853.SH
2100,600854,600854.SH
2101,600855,600855.SH
2102,600856,600856.SH
2103,600857,600857.SH
2104,600858,600858.SH
2105,600859,600859.SH
2106,600860,600860.SH
2108,600861,600861.SH
2109,600862,600862.SH
2110,600863,600863.SH
2111,600864,600864.SH
2112,600865,600865.SH
2113,600866,600866.SH
2114,600867,600867.SH
2115,600868,600868.SH
2116,600869,600869.SH
2117,600870,600870.SH
2118,600871,600871.SH
2120,600872,600872.SH
2121,600873,600873.SH
2122,600874,600874.SH
2124,600875,600875.SH
2126,600876,600876.SH
2128,600877,600877.SH
2130,600879,600879.SH
2131,600880,600880.SH
2132,600881,600881.SH
2133,600882,600882.SH
2134,600883,600883.SH
2135,600884,600884.SH
2136,600885,600885.SH
2137,600886,600886.SH
2138,600887,600887.SH
2139,600888,600888.SH
2140,600889,600889.SH
2141,600890,600890.SH
2142,600891,600891.SH
2143,600892,600892.SH
2144,600893,600893.SH
2145,600894,600894.SH
2146,600895,600895.SH
2147,600896,600896.SH
2148,600897,600897.SH
2149,600898,600898.SH
2151,600900,600900.SH
2153,600960,600960.SH
2155,600963,600963.SH
2157,600966,600966.SH
2159,600967,600967.SH
2161,600969,600969.SH
2163,600975,600975.SH
2165,600976,600976.SH
2167,600980,600980.SH
2169,600985,600985.SH
2171,600986,600986.SH
2173,600988,600988.SH
2175,600990,600990.SH
2177,600991,600991.SH
2179,600992,600992.SH
2181,600993,600993.SH
2183,600995,600995.SH
2185,600997,600997.SH
2643,002017,002017.SZ
2674,002002,002002.SZ
2676,002003,002003.SZ
2678,002004,002004.SZ
2680,002005,002005.SZ
2682,002006,002006.SZ
2684,002007,002007.SZ
2686,002008,002008.SZ
2688,002009,002009.SZ
2690,002010,002010.SZ
2692,002011,002011.SZ
2694,002012,002012.SZ
2696,002013,002013.SZ
2698,002014,002014.SZ
2700,002015,002015.SZ
2702,002016,002016.SZ
2705,002018,002018.SZ
2707,002019,002019.SZ
2709,002020,002020.SZ
2711,002021,002021.SZ
2713,002022,002022.SZ
2715,002023,002023.SZ
2717,002024,002024.SZ
2719,002025,002025.SZ
2721,002026,002026.SZ
2723,002027,002027.SZ
2725,002028,002028.SZ
2727,002029,002029.SZ
2729,002030,002030.SZ
2731,002031,002031.SZ
2733,002032,002032.SZ
2735,002033,002033.SZ
2737,002034,002034.SZ
2739,002035,002035.SZ
2741,002036,002036.SZ
2743,002037,002037.SZ
2745,002038,002038.SZ
2889,600022,600022.SH
2892,600143,600143.SH
2895,600482,600482.SH
2898,600961,600961.SH
2900,600962,600962.SH
2902,600965,600965.SH
2904,600971,600971.SH
2906,600973,600973.SH
2908,600978,600978.SH
2910,600979,600979.SH
2912,600981,600981.SH
2914,600982,600982.SH
2916,600983,600983.SH
2918,600984,600984.SH
2920,600987,600987.SH
3054,600027,600027.SH
3062,002039,002039.SZ
3081,002040,002040.SZ
3109,600970,600970.SH
3118,002041,002041.SZ
3134,002042,002042.SZ
3136,002043,002043.SZ
3139,600472,600472.SH
3151,002044,002044.SZ
3157,002045,002045.SZ
3234,002046,002046.SZ
3244,002047,002047.SZ
3248,002048,002048.SZ
3252,002049,002049.SZ
3290,002050,002050.SZ
4031,300150,300150.SZ
4326,002051,002051.SZ
4347,002052,002052.SZ
4351,002053,002053.SZ
4356,601001,601001.SH
4373,601988,601988.SH
4402,002054,002054.SZ
4423,002055,002055.SZ
4427,002056,002056.SZ
4431,600048,600048.SH
4435,002057,002057.SZ
4437,002058,002058.SZ
4444,002059,002059.SZ
4451,601006,601006.SH
4459,002060,002060.SZ
4493,002061,002061.SZ
4497,002062,002062.SZ
4499,002063,002063.SZ
4503,002064,002064.SZ
4506,002065,002065.SZ
4511,002066,002066.SZ
4521,601111,601111.SH
4569,002067,002067.SZ
4572,002068,002068.SZ
4575,300016,300016.SZ
4581,300271,300271.SZ
4587,601699,601699.SH
4594,002069,002069.SZ
4602,002279,002279.SZ
4604,002070,002070.SZ
4615,002071,002071.SZ
4619,002072,002072.SZ
4675,601588,601588.SH
4687,002073,002073.SZ
4697,600017,600017.SH
4699,002074,002074.SZ
4721,002075,002075.SZ
4722,002076,002076.SZ
4725,601398,601398.SH
4771,002079,002079.SZ
4772,002078,002078.SZ
4774,002077,002077.SZ
4788,600018,600018.SH
4791,002080,002080.SZ
4792,002081,002081.SZ
4793,002082,002082.SZ
4800,601666,601666.SH
4812,002083,002083.SZ
4813,002084,002084.SZ
4815,002085,002085.SZ
4816,002086,002086.SZ
4833,002087,002087.SZ
4834,002088,002088.SZ
4835,002089,002089.SZ
4837,601872,601872.SH
4851,002090,002090.SZ
4852,002091,002091.SZ
4853,002092,002092.SZ
4874,601991,601991.SH
4875,002095,002095.SZ
4876,002094,002094.SZ
4877,002093,002093.SZ
4878,002102,002102.SZ
4879,002101,002101.SZ
4880,002099,002099.SZ
4881,002100,002100.SZ
4882,002097,002097.SZ
4883,002096,002096.SZ
4884,002098,002098.SZ
4901,002103,002103.SZ
4902,002105,002105.SZ
4906,601333,601333.SH
4908,002104,002104.SZ
4909,002110,002110.SZ
4930,002108,002108.SZ
4931,002106,002106.SZ
4934,002109,002109.SZ
4935,601002,601002.SH
4945,601628,601628.SH
4947,002107,002107.SZ
4948,002111,002111.SZ
4971,002121,002121.SZ
4972,002112,002112.SZ
4985,002114,002114.SZ
4986,002115,002115.SZ
4990,002120,002120.SZ
4991,002113,002113.SZ
5002,002116,002116.SZ
5003,002117,002117.SZ
5011,601166,601166.SH
5147,002118,002118.SZ
5159,002119,002119.SZ
5166,601003,601003.SH
5171,002124,002124.SZ
5172,601005,601005.SH
5179,601318,601318.SH
5185,002123,002123.SZ
5190,601007,601007.SH
5191,002125,002125.SZ
5198,300318,300318.SZ
5199,002122,002122.SZ
5245,002126,002126.SZ
5262,601008,601008.SH
5263,002130,002130.SZ
5264,002129,002129.SZ
5278,002127,002127.SZ
5279,002131,002131.SZ
5285,002132,002132.SZ
5300,002134,002134.SZ
5301,002135,002135.SZ
5310,002136,002136.SZ
5311,002133,002133.SZ
5312,000338,000338.SZ
5317,002128,002128.SZ
5324,601998,601998.SH
5357,002139,002139.SZ
5432,601328,601328.SH
5437,601600,601600.SH
5481,002137,002137.SZ
5483,002138,002138.SZ
5522,002170,002170.SZ
5544,002140,002140.SZ
5563,601919,601919.SH
5565,601168,601168.SH
5665,002144,002144.SZ
5666,002143,002143.SZ
5673,002141,002141.SZ
5684,002142,002142.SZ
5685,601009,601009.SH
5690,002153,002153.SZ
5701,002146,002146.SZ
5702,002159,002159.SZ
5703,002148,002148.SZ
5707,002150,002150.SZ
5708,002152,002152.SZ
5709,002149,002149.SZ
5722,002147,002147.SZ
5723,002157,002157.SZ
5733,002155,002155.SZ
5734,002151,002151.SZ
5735,002156,002156.SZ
5773,002145,002145.SZ
5775,002158,002158.SZ
5776,002168,002168.SZ
6010,002160,002160.SZ
6011,002161,002161.SZ
6012,002254,002254.SZ
6013,002154,002154.SZ
6018,002164,002164.SZ
6019,002162,002162.SZ
6020,002163,002163.SZ
6021,002169,002169.SZ
6029,002167,002167.SZ
6030,002175,002175.SZ
6031,002171,002171.SZ
6046,002165,002165.SZ
6047,002192,002192.SZ
6048,002166,002166.SZ
6095,002172,002172.SZ
6103,002174,002174.SZ
6114,601169,601169.SH
6115,002173,002173.SZ
6139,002176,002176.SZ
6151,002179,002179.SZ
6152,002177,002177.SZ
6178,002180,002180.SZ
6179,601939,601939.SH
6186,002178,002178.SZ
6187,601808,601808.SH
6193,300477,300477.SZ
6196,002183,002183.SZ
6197,002185,002185.SZ
6201,002182,002182.SZ
6202,002184,002184.SZ
6203,601088,601088.SH
6232,002189,002189.SZ
6233,601857,601857.SH
6234,002188,002188.SZ
6235,002187,002187.SZ
6254,002186,002186.SZ
6281,002196,002196.SZ
6284,002208,002208.SZ
6285,002193,002193.SZ
6333,002190,002190.SZ
6334,002191,002191.SZ
6336,002194,002194.SZ
6337,002195,002195.SZ
6338,300213,300213.SZ
6353,002200,002200.SZ
6354,002199,002199.SZ
6363,002198,002198.SZ
6364,601390,601390.SH
6373,601918,601918.SH
6374,002197,002197.SZ
6392,002201,002201.SZ
6404,002203,002203.SZ
6410,601999,601999.SH
6411,002202,002202.SZ
6424,601866,601866.SH
6432,002204,002204.SZ
6446,002205,002205.SZ
6447,601601,601601.SH
6471,002207,002207.SZ
6478,002206,002206.SZ
6487,002209,002209.SZ
6511,002210,002210.SZ
6534,002211,002211.SZ
6535,002213,002213.SZ
6545,601099,601099.SH
6546,002212,002212.SZ
6547,002216,002216.SZ
6548,601899,601899.SH
6557,002215,002215.SZ
6581,002214,002214.SZ
6582,002226,002226.SZ
6583,002217,002217.SZ
6584,002218,002218.SZ
6598,002222,002222.SZ
6599,601898,601898.SH
6603,002221,002221.SZ
6604,002220,002220.SZ
6618,002224,002224.SZ
6619,002219,002219.SZ
6620,601958,601958.SH
6630,601186,601186.SH
6709,002223,002223.SZ
6710,002225,002225.SZ
6730,002228,002228.SZ
6731,002227,002227.SZ
6732,002244,002244.SZ
6735,002230,002230.SZ
6736,002237,002237.SZ
6751,002257,002257.SZ
6757,002235,002235.SZ
6781,002232,002232.SZ
6782,002231,002231.SZ
6787,002249,002249.SZ
6788,002229,002229.SZ
6807,002253,002253.SZ
6808,002234,002234.SZ
6809,002246,002246.SZ
6814,002233,002233.SZ
6815,002243,002243.SZ
6816,002236,002236.SZ
6826,002265,002265.SZ
6827,002252,002252.SZ
6828,002240,002240.SZ
6833,002247,002247.SZ
6834,002239,002239.SZ
6835,002238,002238.SZ
6855,002242,002242.SZ
6856,002245,002245.SZ
6857,002241,002241.SZ
6879,002248,002248.SZ
6880,002263,002263.SZ
6889,002274,002274.SZ
6890,002251,002251.SZ
6907,002256,002256.SZ
6924,002261,002261.SZ
6925,002255,002255.SZ
6930,002259,002259.SZ
6933,002262,002262.SZ
6940,002264,002264.SZ
6941,002260,002260.SZ
6942,002258,002258.SZ
6943,002250,002250.SZ
7033,601668,601668.SH
7034,002267,002267.SZ
7054,002268,002268.SZ
7055,002271,002271.SZ
7072,002269,002269.SZ
7073,002270,002270.SZ
7076,002272,002272.SZ
7078,002266,002266.SZ
7079,002275,002275.SZ
7094,002273,002273.SZ
7095,002396,002396.SZ
7096,601107,601107.SH
7098,601766,601766.SH
7099,601788,601788.SH
7116,002276,002276.SZ
7118,002282,002282.SZ
7119,002284,002284.SZ
7120,002283,002283.SZ
7121,002362,002362.SZ
7144,002277,002277.SZ
7173,601727,601727.SH
7174,002278,002278.SZ
7184,002461,002461.SZ
7197,002280,002280.SZ
7211,002285,002285.SZ
7212,002281,002281.SZ
7230,002287,002287.SZ
7231,002286,002286.SZ
7242,002288,002288.SZ
7243,002289,002289.SZ
7245,300370,300370.SZ
7249,002290,002290.SZ
7267,002296,002296.SZ
7268,002295,002295.SZ
7301,002291,002291.SZ
7302,002300,002300.SZ
7309,002292,002292.SZ
7325,002293,002293.SZ
7328,002294,002294.SZ
7329,600999,600999.SH
7359,002297,002297.SZ
7386,300002,300002.SZ
7387,002599,002599.SZ
7388,601126,601126.SH
7389,601633,601633.SH
7391,002467,002467.SZ
7394,002446,002446.SZ
7395,002448,002448.SZ
7397,002438,002438.SZ
7400,002490,002490.SZ
7403,002419,002419.SZ
7766,300445,300445.SZ
7905,300353,300353.SZ
7920,300444,300444.SZ
8969,002298,002298.SZ
8970,002506,002506.SZ
8990,601888,601888.SH
8991,002299,002299.SZ
8994,002301,002301.SZ
8995,002489,002489.SZ
9023,601989,601989.SH
9033,002304,002304.SZ
9034,002306,002306.SZ
9036,002365,002365.SZ
9037,002302,002302.SZ
9039,002307,002307.SZ
9075,002350,002350.SZ
9080,002315,002315.SZ
9081,002305,002305.SZ
9082,002303,002303.SZ
9093,002308,002308.SZ
9104,002756,002756.SZ
9112,002310,002310.SZ
9141,601139,601139.SH
9142,002309,002309.SZ
9158,601299,601299.SH
9159,002311,002311.SZ
9173,002312,002312.SZ
9174,002523,002523.SZ
9184,601618,601618.SH
9185,002313,002313.SZ
9216,002314,002314.SZ
9225,002316,002316.SZ
9226,002356,002356.SZ
9244,601117,601117.SH
9258,002318,002318.SZ
9259,002327,002327.SZ
9272,002317,002317.SZ
9273,002319,002319.SZ
9296,002474,002474.SZ
9297,002321,002321.SZ
9307,300010,300010.SZ
9308,300001,300001.SZ
9309,002325,002325.SZ
9310,002331,002331.SZ
9311,300004,300004.SZ
9312,300008,300008.SZ
9313,300003,300003.SZ
9314,300006,300006.SZ
9319,300007,300007.SZ
9320,300014,300014.SZ
9321,300009,300009.SZ
9322,300011,300011.SZ
9323,300005,300005.SZ
9324,300013,300013.SZ
9344,601801,601801.SH
9345,002328,002328.SZ
9347,300023,300023.SZ
9349,300012,300012.SZ
9351,300018,300018.SZ
9356,300071,300071.SZ
9357,300017,300017.SZ
9358,300015,300015.SZ
9359,300019,300019.SZ
9360,300020,300020.SZ
9361,300028,300028.SZ
9362,300022,300022.SZ
9363,300024,300024.SZ
9364,300021,300021.SZ
9365,300033,300033.SZ
9366,002320,002320.SZ
9367,601877,601877.SH
9387,300027,300027.SZ
9388,300026,300026.SZ
9389,300025,300025.SZ
9393,002324,002324.SZ
9394,002322,002322.SZ
9399,002323,002323.SZ
9400,002326,002326.SZ
9425,002330,002330.SZ
9426,002329,002329.SZ
9458,002333,002333.SZ
9459,002332,002332.SZ
9487,002334,002334.SZ
9488,002336,002336.SZ
9497,002337,002337.SZ
9499,002335,002335.SZ
9504,002338,002338.SZ
9534,002340,002340.SZ
9535,002561,002561.SZ
9540,002339,002339.SZ
9541,002341,002341.SZ
9549,002344,002344.SZ
9571,300031,300031.SZ
9572,300139,300139.SZ
9574,002342,002342.SZ
9575,002538,002538.SZ
9586,002343,002343.SZ
9587,002345,002345.SZ
9593,002346,002346.SZ
9594,002347,002347.SZ
9626,002348,002348.SZ
9627,002381,002381.SZ
9634,300034,300034.SZ
9635,300032,300032.SZ
9637,002349,002349.SZ
9638,601678,601678.SH
9642,002351,002351.SZ
9643,002352,002352.SZ
9646,002591,002591.SZ
9679,002355,002355.SZ
9680,002353,002353.SZ
9688,300029,300029.SZ
9691,002354,002354.SZ
9700,300035,300035.SZ
9701,300247,300247.SZ
9702,300036,300036.SZ
9703,300030,300030.SZ
9705,002359,002359.SZ
9771,002358,002358.SZ
9772,002549,002549.SZ
9780,300041,300041.SZ
9781,300038,300038.SZ
9783,300037,300037.SZ
9784,002357,002357.SZ
9785,002455,002455.SZ
9795,002370,002370.SZ
9796,002375,002375.SZ
9843,601688,601688.SH
9844,002369,002369.SZ
9852,300040,300040.SZ
9855,601058,601058.SH
9856,002360,002360.SZ
9857,002364,002364.SZ
9863,300039,300039.SZ
9864,002367,002367.SZ
9865,002366,002366.SZ
9866,601179,601179.SH
9867,002361,002361.SZ
9882,002368,002368.SZ
9883,002374,002374.SZ
9888,300042,300042.SZ
9889,300045,300045.SZ
9890,300049,300049.SZ
9891,300047,300047.SZ
9892,002371,002371.SZ
9897,300048,300048.SZ
9898,002373,002373.SZ
9899,002380,002380.SZ
9900,002566,002566.SZ
9901,002372,002372.SZ
9916,002376,002376.SZ
9917,002397,002397.SZ
9923,601106,601106.SH
9925,002378,002378.SZ
9926,300050,300050.SZ
9927,300044,300044.SZ
9928,300046,300046.SZ
9929,300043,300043.SZ
9935,603199,603199.SH
9936,002383,002383.SZ
9937,002363,002363.SZ
9939,002379,002379.SZ
9971,002382,002382.SZ
9972,002421,002421.SZ
9981,300277,300277.SZ
9982,300051,300051.SZ
9983,002392,002392.SZ
9984,002630,002630.SZ
9994,002385,002385.SZ
9995,002384,002384.SZ
9996,002386,002386.SZ
9997,002377,002377.SZ
9998,300052,300052.SZ
9999,300054,300054.SZ
10000,300264,300264.SZ
10017,002394,002394.SZ
10018,002393,002393.SZ
10033,601158,601158.SH
10034,002388,002388.SZ
10036,300053,300053.SZ
10037,300057,300057.SZ
10038,300055,300055.SZ
10039,300056,300056.SZ
10040,300058,300058.SZ
10069,002407,002407.SZ
10071,002387,002387.SZ
10072,002395,002395.SZ
10073,002389,002389.SZ
10093,002398,002398.SZ
10094,002390,002390.SZ
10098,002391,002391.SZ
10099,601101,601101.SH
10104,002399,002399.SZ
10105,002410,002410.SZ
10106,002408,002408.SZ
10275,002401,002401.SZ
10277,002400,002400.SZ
10291,002404,002404.SZ
10292,002406,002406.SZ
10296,300059,300059.SZ
10297,002808,002808.SZ
10298,002405,002405.SZ
10299,002403,002403.SZ
10300,002402,002402.SZ
10301,002409,002409.SZ
10324,002412,002412.SZ
10325,601010,601010.SH
10326,002411,002411.SZ
10337,300061,300061.SZ
10344,002416,002416.SZ
10345,002415,002415.SZ
10346,002414,002414.SZ
10347,002413,002413.SZ
10348,300098,300098.SZ
10349,300062,300062.SZ
10350,300087,300087.SZ
10351,300066,300066.SZ
10375,002433,002433.SZ
10376,002417,002417.SZ
10377,002425,002425.SZ
10395,300063,300063.SZ
10396,300065,300065.SZ
10397,300064,300064.SZ
10398,300068,300068.SZ
10399,002418,002418.SZ
10400,002420,002420.SZ
10418,601369,601369.SH
10419,002422,002422.SZ
10458,002423,002423.SZ
10459,002428,002428.SZ
10460,002442,002442.SZ
10461,002424,002424.SZ
10476,002426,002426.SZ
10478,002427,002427.SZ
10483,002431,002431.SZ
10484,002456,002456.SZ
10487,601188,601188.SH
10488,601518,601518.SH
10491,002644,002644.SZ
10492,002430,002430.SZ
10493,002447,002447.SZ
10494,002459,002459.SZ
10495,300073,300073.SZ
10496,300070,300070.SZ
10522,002432,002432.SZ
10523,002429,002429.SZ
10532,002434,002434.SZ
10533,002436,002436.SZ
10534,300076,300076.SZ
10535,300072,300072.SZ
10536,300105,300105.SZ
10537,300069,300069.SZ
10538,300067,300067.SZ
10550,002435,002435.SZ
10551,002440,002440.SZ
10579,002437,002437.SZ
10580,002443,002443.SZ
10588,002622,002622.SZ
10590,300080,300080.SZ
10591,300075,300075.SZ
10601,002613,002613.SZ
10602,300078,300078.SZ
10603,300074,300074.SZ
10604,300079,300079.SZ
10605,300083,300083.SZ
10629,002439,002439.SZ
10634,603002,603002.SH
10635,601012,601012.SH
10650,300077,300077.SZ
10651,300082,300082.SZ
10652,002469,002469.SZ
10654,002441,002441.SZ
10691,300235,300235.SZ
10692,300084,300084.SZ
10693,002444,002444.SZ
10694,002492,002492.SZ
10695,002466,002466.SZ
10697,002445,002445.SZ
10699,300238,300238.SZ
10700,300086,300086.SZ
10701,300101,300101.SZ
10703,601118,601118.SH
10704,002449,002449.SZ
10733,300091,300091.SZ
10734,300081,300081.SZ
10736,002450,002450.SZ
10766,002458,002458.SZ
10772,002451,002451.SZ
10778,300272,300272.SZ
10779,300088,300088.SZ
10780,300090,300090.SZ
10781,300096,300096.SZ
10782,002457,002457.SZ
10783,002529,002529.SZ
10807,601000,601000.SH
10810,002452,002452.SZ
10813,002454,002454.SZ
10814,002453,002453.SZ
10815,002460,002460.SZ
10817,300085,300085.SZ
10832,601717,601717.SH
10834,300179,300179.SZ
10835,300097,300097.SZ
10860,002463,002463.SZ
10861,002462,002462.SZ
10863,300099,300099.SZ
10864,300093,300093.SZ
10868,002464,002464.SZ
10869,601718,601718.SH
10878,300253,300253.SZ
10879,300094,300094.SZ
10880,300089,300089.SZ
10882,300124,300124.SZ
10933,300152,300152.SZ
10970,300321,300321.SZ
11001,300095,300095.SZ
11004,300245,300245.SZ
11043,300092,300092.SZ
11044,300100,300100.SZ
11071,002496,002496.SZ
11072,300103,300103.SZ
11073,300102,300102.SZ
11096,002465,002465.SZ
11103,601018,601018.SH
11104,002484,002484.SZ
11109,300126,300126.SZ
11134,601288,601288.SH
11135,002468,002468.SZ
11136,300104,300104.SZ
11137,300110,300110.SZ
11138,300173,300173.SZ
11169,002476,002476.SZ
11170,002470,002470.SZ
11194,300107,300107.SZ
11195,300305,300305.SZ
11202,601177,601177.SH
11213,603003,603003.SH
11214,601377,601377.SH
11215,300106,300106.SZ
11218,300113,300113.SZ
11219,300114,300114.SZ
11220,300112,300112.SZ
11229,300133,300133.SZ
11230,300129,300129.SZ
11231,300118,300118.SZ
11238,300116,300116.SZ
11239,300109,300109.SZ
11240,300111,300111.SZ
11242,300117,300117.SZ
11246,002478,002478.SZ
11247,002471,002471.SZ
11248,300156,300156.SZ
11249,300115,300115.SZ
11250,300108,300108.SZ
11253,002473,002473.SZ
11254,002527,002527.SZ
11255,002530,002530.SZ
11301,002614,002614.SZ
11302,002472,002472.SZ
11304,002569,002569.SZ
11305,002595,002595.SZ
11308,002475,002475.SZ
11314,601098,601098.SH
11315,300120,300120.SZ
11316,300128,300128.SZ
11342,002479,002479.SZ
11343,002477,002477.SZ
11352,002480,002480.SZ
11359,002481,002481.SZ
11376,300121,300121.SZ
11377,300119,300119.SZ
11391,601818,601818.SH
11392,300125,300125.SZ
11393,002486,002486.SZ
11397,002485,002485.SZ
11398,002482,002482.SZ
11399,002500,002500.SZ
11428,002521,002521.SZ
11434,300123,300123.SZ
11435,300122,300122.SZ
11443,002488,002488.SZ
11472,002487,002487.SZ
11478,002495,002495.SZ
11491,002615,002615.SZ
11502,300127,300127.SZ
11515,600998,600998.SH
11516,002518,002518.SZ
11523,002493,002493.SZ
11524,002491,002491.SZ
11550,601028,601028.SH
11551,002483,002483.SZ
11571,300134,300134.SZ
11572,300130,300130.SZ
11573,300135,300135.SZ
11576,300329,300329.SZ
11577,002497,002497.SZ
11606,002494,002494.SZ
11607,601996,601996.SH
11613,300401,300401.SZ
11614,300131,300131.SZ
11623,002498,002498.SZ
11624,300137,300137.SZ
11625,300132,300132.SZ
11653,002643,002643.SZ
11654,002805,002805.SZ
11671,300138,300138.SZ
11672,300136,300136.SZ
11697,300142,300142.SZ
11708,002499,002499.SZ
11709,002501,002501.SZ
11751,002502,002502.SZ
11757,300141,300141.SZ
11758,300140,300140.SZ
11774,002511,002511.SZ
11775,002510,002510.SZ
11776,002505,002505.SZ
11777,002504,002504.SZ
11779,002554,002554.SZ
11780,002508,002508.SZ
11781,002738,002738.SZ
11782,300154,300154.SZ
11783,300331,300331.SZ
11810,002509,002509.SZ
11811,002503,002503.SZ
11820,300144,300144.SZ
11821,300143,300143.SZ
11822,300325,300325.SZ
11837,002514,002514.SZ
11838,002507,002507.SZ
11839,002513,002513.SZ
11840,601777,601777.SH
11882,601880,601880.SH
11883,002515,002515.SZ
11892,300145,300145.SZ
11893,300148,300148.SZ
11894,002520,002520.SZ
11895,002512,002512.SZ
11906,300168,300168.SZ
11907,300158,300158.SZ
11908,002516,002516.SZ
11909,002517,002517.SZ
11939,603167,603167.SH
11940,002519,002519.SZ
11947,601558,601558.SH
11948,002525,002525.SZ
11949,300157,300157.SZ
11957,002522,002522.SZ
11964,300146,300146.SZ
11965,300149,300149.SZ
12004,002743,002743.SZ
12005,002547,002547.SZ
12013,300155,300155.SZ
12014,300151,300151.SZ
12020,002606,002606.SZ
12021,002524,002524.SZ
12022,002528,002528.SZ
12036,300147,300147.SZ
12037,300153,300153.SZ
12045,002526,002526.SZ
12046,002532,002532.SZ
12062,002534,002534.SZ
12064,002531,002531.SZ
12075,300169,300169.SZ
12076,300162,300162.SZ
12077,300161,300161.SZ
12086,002540,002540.SZ
12120,002702,002702.SZ
12121,002567,002567.SZ
12122,601933,601933.SH
12126,300191,300191.SZ
12127,300159,300159.SZ
12128,300165,300165.SZ
12129,300223,300223.SZ
12130,002535,002535.SZ
12131,002609,002609.SZ
12140,300164,300164.SZ
12141,300163,300163.SZ
12142,300160,300160.SZ
12143,002536,002536.SZ
12144,002557,002557.SZ
12172,002539,002539.SZ
12173,601890,601890.SH
12174,002533,002533.SZ
12177,300170,300170.SZ
12179,300174,300174.SZ
12180,300166,300166.SZ
12181,300167,300167.SZ
12182,002537,002537.SZ
12196,300172,300172.SZ
12197,300171,300171.SZ
12198,300194,300194.SZ
12199,300175,300175.SZ
12200,300180,300180.SZ
12214,002545,002545.SZ
12222,002550,002550.SZ
12223,002544,002544.SZ
12241,002541,002541.SZ
12242,601116,601116.SH
12243,002570,002570.SZ
12248,002551,002551.SZ
12249,300177,300177.SZ
12250,300178,300178.SZ
12251,300176,300176.SZ
12263,002542,002542.SZ
12264,300181,300181.SZ
12280,601700,601700.SH
12281,601137,601137.SH
12287,300216,300216.SZ
12288,300193,300193.SZ
12289,300183,300183.SZ
12290,300197,300197.SZ
12292,002543,002543.SZ
12293,601519,601519.SH
12294,002552,002552.SZ
12302,002546,002546.SZ
12303,601799,601799.SH
12305,300184,300184.SZ
12306,300182,300182.SZ
12342,002769,002769.SZ
12343,601616,601616.SH
12356,300340,300340.SZ
12357,300203,300203.SZ
12358,002558,002558.SZ
12360,002555,002555.SZ
12361,002548,002548.SZ
12371,300229,300229.SZ
12373,002706,002706.SZ
12374,002559,002559.SZ
12401,601216,601216.SH
12402,601789,601789.SH
12403,002553,002553.SZ
12404,300205,300205.SZ
12405,300220,300220.SZ
12406,300198,300198.SZ
12407,300188,300188.SZ
12408,300195,300195.SZ
12409,300186,300186.SZ
12418,300196,300196.SZ
12419,300187,300187.SZ
12420,300345,300345.SZ
12421,300185,300185.SZ
12422,002556,002556.SZ
12470,300190,300190.SZ
12513,601011,601011.SH
12532,002560,002560.SZ
12534,601258,601258.SH
12572,002565,002565.SZ
12573,002577,002577.SZ
12581,300375,300375.SZ
12582,300211,300211.SZ
12583,300192,300192.SZ
12584,300189,300189.SZ
12603,601992,601992.SH
12611,002563,002563.SZ
12612,601199,601199.SH
12613,300204,300204.SZ
12614,300214,300214.SZ
12618,300199,300199.SZ
12619,300200,300200.SZ
12624,002562,002562.SZ
12625,002564,002564.SZ
12626,002571,002571.SZ
12753,002568,002568.SZ
12785,300201,300201.SZ
12786,300366,300366.SZ
12812,603328,603328.SH
12813,002579,002579.SZ
12835,002581,002581.SZ
12836,601218,601218.SH
12837,002572,002572.SZ
12881,002573,002573.SZ
12882,002574,002574.SZ
12883,002576,002576.SZ
12891,603006,603006.SH
12892,002575,002575.SZ
12893,300282,300282.SZ
12894,300202,300202.SZ
12895,300206,300206.SZ
12910,300210,300210.SZ
12911,300208,300208.SZ
12912,300209,300209.SZ
12949,002580,002580.SZ
12950,601566,601566.SH
12951,601113,601113.SH
12969,002578,002578.SZ
12972,300207,300207.SZ
12980,300372,300372.SZ
12981,300212,300212.SZ
13045,601233,601233.SH
13046,601208,601208.SH
13050,300402,300402.SZ
13051,300218,300218.SZ
13192,002584,002584.SZ
13193,002582,002582.SZ
13205,601222,601222.SH
13206,300225,300225.SZ
13207,300215,300215.SZ
13208,300257,300257.SZ
13209,300219,300219.SZ
13225,300222,300222.SZ
13226,300217,300217.SZ
13230,300221,300221.SZ
13259,002583,002583.SZ
13261,601599,601599.SH
13262,002590,002590.SZ
13282,300231,300231.SZ
13283,002592,002592.SZ
13284,300227,300227.SZ
13285,300224,300224.SZ
13286,300228,300228.SZ
13291,300249,300249.SZ
13292,300226,300226.SZ
13293,300240,300240.SZ
13294,300381,300381.SZ
13296,002585,002585.SZ
13297,601311,601311.SH
13298,002586,002586.SZ
13336,300230,300230.SZ
13337,300232,300232.SZ
13338,300234,300234.SZ
13356,601798,601798.SH
13360,002589,002589.SZ
13363,002587,002587.SZ
13367,300233,300233.SZ
13369,300236,300236.SZ
13370,300237,300237.SZ
13373,002778,002778.SZ
13374,002588,002588.SZ
13443,601567,601567.SH
13496,002783,002783.SZ
13497,002605,002605.SZ
13527,002594,002594.SZ
13536,002604,002604.SZ
13541,300239,300239.SZ
13542,002593,002593.SZ
13582,002596,002596.SZ
13583,002734,002734.SZ
13584,002626,002626.SZ
13604,002600,002600.SZ
13606,002601,002601.SZ
13649,002597,002597.SZ
13652,002598,002598.SZ
13659,300242,300242.SZ
13660,300258,300258.SZ
13661,300241,300241.SZ
13692,601901,601901.SH
13693,002607,002607.SZ
13726,002602,002602.SZ
13732,300243,300243.SZ
13742,300244,300244.SZ
13827,002603,002603.SZ
13829,300248,300248.SZ
13832,300250,300250.SZ
13833,300246,300246.SZ
13867,002620,002620.SZ
13868,603456,603456.SH
13884,300251,300251.SZ
13934,002627,002627.SZ
13937,002608,002608.SZ
13943,300254,300254.SZ
13944,300256,300256.SZ
13954,300255,300255.SZ
13975,601636,601636.SH
13989,300260,300260.SZ
13990,300252,300252.SZ
14036,002717,002717.SZ
14037,002618,002618.SZ
14040,300265,300265.SZ
14047,300267,300267.SZ
14048,300259,300259.SZ
14060,300303,300303.SZ
14093,002629,002629.SZ
14094,002610,002610.SZ
14105,300284,300284.SZ
14106,601908,601908.SH
14107,601886,601886.SH
14128,300269,300269.SZ
14129,300273,300273.SZ
14130,300261,300261.SZ
14147,002611,002611.SZ
14148,603518,603518.SH
14159,300268,300268.SZ
14160,300263,300263.SZ
14161,300294,300294.SZ
14162,002616,002616.SZ
14171,300262,300262.SZ
14172,300270,300270.SZ
14173,601677,601677.SH
14174,002612,002612.SZ
14206,002624,002624.SZ
14211,002621,002621.SZ
14212,002619,002619.SZ
14213,002745,002745.SZ
14222,002641,002641.SZ
14223,002617,002617.SZ
14224,300266,300266.SZ
14225,601669,601669.SH
14500,300274,300274.SZ
14512,601100,601100.SH
14556,300283,300283.SZ
14557,300275,300275.SZ
14607,002628,002628.SZ
14608,002625,002625.SZ
14620,603686,603686.SH
14654,002623,002623.SZ
14655,601225,601225.SH
14657,002637,002637.SZ
14697,002636,002636.SZ
14704,601555,601555.SH
14745,300278,300278.SZ
14746,002634,002634.SZ
14747,002640,002640.SZ
14779,002631,002631.SZ
14780,002633,002633.SZ
14782,300276,300276.SZ
14783,300280,300280.SZ
14799,603001,603001.SH
14824,601800,601800.SH
14825,002635,002635.SZ
14827,300293,300293.SZ
14871,002632,002632.SZ
14872,002648,002648.SZ
14918,300279,300279.SZ
14943,002646,002646.SZ
14945,002639,002639.SZ
14946,002645,002645.SZ
14953,300285,300285.SZ
14954,300281,300281.SZ
14988,601928,601928.SH
14990,002673,002673.SZ
14997,002638,002638.SZ
15000,002647,002647.SZ
15001,300286,300286.SZ
15002,300295,300295.SZ
15013,300288,300288.SZ
15047,002668,002668.SZ
15050,002642,002642.SZ
15063,002651,002651.SZ
15065,603599,603599.SH
15067,300324,300324.SZ
15076,300350,300350.SZ
15120,300287,300287.SZ
15121,300290,300290.SZ
15122,601313,601313.SH
15124,002649,002649.SZ
15125,002664,002664.SZ
15272,300298,300298.SZ
15273,002655,002655.SZ
15274,002656,002656.SZ
15612,601368,601368.SH
15627,601336,601336.SH
15628,002667,002667.SZ
15691,300289,300289.SZ
15692,300532,300532.SZ
15693,300483,300483.SZ
15694,002662,002662.SZ
15704,002688,002688.SZ
15733,300291,300291.SZ
15734,002652,002652.SZ
15736,603729,603729.SH
15784,300297,300297.SZ
15792,002650,002650.SZ
15799,300292,300292.SZ
15864,002666,002666.SZ
15874,601929,601929.SH
15905,300358,300358.SZ
15906,300310,300310.SZ
15907,300307,300307.SZ
15917,002654,002654.SZ
15920,002653,002653.SZ
15934,601339,601339.SH
15935,300309,300309.SZ
15936,300301,300301.SZ
15937,300296,300296.SZ
15984,300304,300304.SZ
15986,300306,300306.SZ
16005,002672,002672.SZ
16006,002663,002663.SZ
16007,601388,601388.SH
16008,601515,601515.SH
16011,300326,300326.SZ
16013,601231,601231.SH
16014,002657,002657.SZ
16047,300300,300300.SZ
16049,002660,002660.SZ
16051,002669,002669.SZ
16052,002658,002658.SZ
16054,002674,002674.SZ
16055,002661,002661.SZ
16056,002659,002659.SZ
16099,300320,300320.SZ
16100,300313,300313.SZ
16101,300314,300314.SZ
16107,002670,002670.SZ
16108,603123,603123.SH
16117,300327,300327.SZ
16118,601965,601965.SH
16119,603333,603333.SH
16120,002675,002675.SZ
16121,300311,300311.SZ
16128,002799,002799.SZ
16155,002677,002677.SZ
16157,002676,002676.SZ
16159,603861,603861.SH
16160,300302,300302.SZ
16161,300308,300308.SZ
16163,300330,300330.SZ
16171,601038,601038.SH
16172,300317,300317.SZ
16173,300312,300312.SZ
16175,300315,300315.SZ
16183,300299,300299.SZ
16184,603000,603000.SH
16208,603128,603128.SH
16209,002671,002671.SZ
16254,002665,002665.SZ
16255,002696,002696.SZ
16275,002699,002699.SZ
16276,002685,002685.SZ
16297,002682,002682.SZ
16325,603077,603077.SH
16326,603168,603168.SH
16327,002692,002692.SZ
16375,300316,300316.SZ
16376,300319,300319.SZ
16377,603366,603366.SH
16431,002690,002690.SZ
16453,002678,002678.SZ
16454,002691,002691.SZ
16488,300342,300342.SZ
16500,300322,300322.SZ
16502,300339,300339.SZ
16503,300400,300400.SZ
16504,300333,300333.SZ
16509,002679,002679.SZ
16510,002689,002689.SZ
16511,300336,300336.SZ
16523,603008,603008.SH
16527,300334,300334.SZ
16566,300397,300397.SZ
16567,300348,300348.SZ
16569,300338,300338.SZ
16570,002701,002701.SZ
16578,603399,603399.SH
16579,300337,300337.SZ
16580,002711,002711.SZ
16581,002687,002687.SZ
16582,002694,002694.SZ
16585,002680,002680.SZ
16595,300332,300332.SZ
16596,300328,300328.SZ
16597,300349,300349.SZ
16616,300344,300344.SZ
16624,002698,002698.SZ
16647,300323,300323.SZ
16651,300335,300335.SZ
16654,002752,002752.SZ
16655,603766,603766.SH
16658,300347,300347.SZ
16665,300341,300341.SZ
16668,002681,002681.SZ
16669,002686,002686.SZ
16691,002683,002683.SZ
16716,300346,300346.SZ
16717,300362,300362.SZ
16745,300343,300343.SZ
16761,002684,002684.SZ
16762,002693,002693.SZ
16763,603126,603126.SH
16764,300383,300383.SZ
16766,603993,603993.SH
16790,603288,603288.SH
16887,300371,300371.SZ
16888,300389,300389.SZ
16889,002718,002718.SZ
16890,002715,002715.SZ
16891,002716,002716.SZ
16892,002713,002713.SZ
16893,002723,002723.SZ
16894,002792,002792.SZ
16895,002710,002710.SZ
16896,002727,002727.SZ
16914,601608,601608.SH
16915,601238,601238.SH
16958,300352,300352.SZ
16967,002709,002709.SZ
16969,002725,002725.SZ
16970,603555,603555.SH
16971,002746,002746.SZ
16974,002708,002708.SZ
16975,002695,002695.SZ
16976,300382,300382.SZ
17029,002714,002714.SZ
17032,002815,002815.SZ
17033,002703,002703.SZ
17034,002722,002722.SZ
17063,300356,300356.SZ
17070,603699,603699.SH
17074,601016,601016.SH
17075,603166,603166.SH
17077,300507,300507.SZ
17092,300369,300369.SZ
17239,300354,300354.SZ
17240,300367,300367.SZ
17309,603308,603308.SH
17408,300388,300388.SZ
17410,603777,603777.SH
17411,603989,603989.SH
17414,002719,002719.SZ
17415,603806,603806.SH
17416,002700,002700.SZ
17419,603088,603088.SH
17420,603566,603566.SH
17438,603009,603009.SH
17474,603688,603688.SH
17475,002782,002782.SZ
17476,601969,601969.SH
17477,300351,300351.SZ
17479,300355,300355.SZ
17481,002721,002721.SZ
17483,600917,600917.SH
17506,300368,300368.SZ
17507,300396,300396.SZ
17508,300403,300403.SZ
17555,002697,002697.SZ
17594,300360,300360.SZ
17595,300357,300357.SZ
17644,002707,002707.SZ
17655,300363,300363.SZ
17656,300373,300373.SZ
17692,601579,601579.SH
17693,002748,002748.SZ
17706,002705,002705.SZ
17749,300546,300546.SZ
17750,300377,300377.SZ
17751,300391,300391.SZ
17753,603023,603023.SH
17755,603609,603609.SH
17821,300385,300385.SZ
18285,300376,300376.SZ
18287,300419,300419.SZ
18324,002728,002728.SZ
18325,002724,002724.SZ
18326,002726,002726.SZ
18425,300361,300361.SZ
18426,300380,300380.SZ
18457,603005,603005.SH
18458,300365,300365.SZ
18551,300379,300379.SZ
18552,300359,300359.SZ
18553,300399,300399.SZ
18576,603100,603100.SH
18666,002712,002712.SZ
18677,300386,300386.SZ
18721,300405,300405.SZ
18753,300387,300387.SZ
18754,300378,300378.SZ
18756,002773,002773.SZ
18815,300390,300390.SZ
18848,603099,603099.SH
18851,603111,603111.SH
30181,000333,000333.SZ
31610,600023,600023.SH
34315,603069,603069.SH
34316,603158,603158.SH
34317,002801,002801.SZ
34318,603117,603117.SH
34319,603979,603979.SH
34320,300476,300476.SZ
34321,300527,300527.SZ
34322,603309,603309.SH
34323,603997,603997.SH
34324,601595,601595.SH
34325,002798,002798.SZ
34326,002802,002802.SZ
34328,300435,300435.SZ
34329,603611,603611.SH
34336,300491,300491.SZ
34337,603843,603843.SH
34339,603010,603010.SH
34340,603988,603988.SH
34341,300521,300521.SZ
34343,002796,002796.SZ
34399,603889,603889.SH
34400,002800,002800.SZ
34401,300393,300393.SZ
34402,002739,002739.SZ
34403,300421,300421.SZ
34404,300438,300438.SZ
34405,300430,300430.SZ
34406,300475,300475.SZ
34407,002757,002757.SZ
34465,603789,603789.SH
34466,300411,300411.SZ
34467,300536,300536.SZ
34468,300505,300505.SZ
34469,300436,300436.SZ
34470,601211,601211.SH
34471,603818,603818.SH
34472,002779,002779.SZ
34473,603701,603701.SH
34474,600958,600958.SH
34475,601198,601198.SH
34476,002770,002770.SZ
34478,603355,603355.SH
34479,603788,603788.SH
34531,603828,603828.SH
34532,601689,601689.SH
34533,002781,002781.SZ
34544,601226,601226.SH
34546,603227,603227.SH
34547,603030,603030.SH
34548,603899,603899.SH
34591,300501,300501.SZ
34593,300437,300437.SZ
34594,300409,300409.SZ
34595,300467,300467.SZ
34596,300415,300415.SZ
34597,300530,300530.SZ
34598,300417,300417.SZ
34599,300452,300452.SZ
34601,002740,002740.SZ
34602,603369,603369.SH
34603,603011,603011.SH
34604,603698,603698.SH
34605,601021,601021.SH
34674,603726,603726.SH
34677,002768,002768.SZ
34678,603015,603015.SH
34679,603606,603606.SH
34681,603959,603959.SH
34682,603696,603696.SH
34683,002730,002730.SZ
34684,002761,002761.SZ
34685,002791,002791.SZ
34686,002732,002732.SZ
34687,603368,603368.SH
34696,300463,300463.SZ
34697,300523,300523.SZ
34698,002742,002742.SZ
34699,300455,300455.SZ
34700,603318,603318.SH
34701,300449,300449.SZ
34702,300443,300443.SZ
34703,300398,300398.SZ
34733,603116,603116.SH
34734,603866,603866.SH
34735,002786,002786.SZ
34737,600959,600959.SH
34739,002776,002776.SZ
34740,300384,300384.SZ
34742,603188,603188.SH
34747,300406,300406.SZ
34750,002771,002771.SZ
34760,300441,300441.SZ
34762,300511,300511.SZ
34763,300513,300513.SZ
34764,300448,300448.SZ
34796,002767,002767.SZ
34797,002818,002818.SZ
34798,603101,603101.SH
34799,603528,603528.SH
34801,603883,603883.SH
34802,002735,002735.SZ
34803,603885,603885.SH
34804,603909,603909.SH
34828,002780,002780.SZ
34829,002741,002741.SZ
34831,603017,603017.SH
34832,603798,603798.SH
34834,300374,300374.SZ
34835,300418,300418.SZ
34836,300552,300552.SZ
34837,300429,300429.SZ
34838,300440,300440.SZ
34840,300407,300407.SZ
34841,300529,300529.SZ
34842,002729,002729.SZ
34843,603779,603779.SH
34844,002733,002733.SZ
34845,002747,002747.SZ
34847,603998,603998.SH
34848,603901,603901.SH
34849,603918,603918.SH
34850,603703,603703.SH
34851,603567,603567.SH
34852,603608,603608.SH
34853,603031,603031.SH
34854,603520,603520.SH
34855,603999,603999.SH
34873,002755,002755.SZ
34874,300466,300466.SZ
34875,300469,300469.SZ
34876,601882,601882.SH
34878,601985,601985.SH
34881,601069,601069.SH
34883,002749,002749.SZ
34884,601015,601015.SH
34885,002750,002750.SZ
34886,002737,002737.SZ
34887,603025,603025.SH
34888,300492,300492.SZ
34889,300479,300479.SZ
34890,300495,300495.SZ
34891,300464,300464.SZ
34892,300424,300424.SZ
34893,300465,300465.SZ
34934,603969,603969.SH
34935,601811,601811.SH
34936,603667,603667.SH
34938,002775,002775.SZ
34939,002766,002766.SZ
34940,002763,002763.SZ
34941,601968,601968.SH
34942,603868,603868.SH
34943,603421,603421.SH
34945,603515,603515.SH
34946,603919,603919.SH
34947,002762,002762.SZ
34948,603556,603556.SH
34949,601500,601500.SH
34950,603816,603816.SH
34951,603569,603569.SH
34952,300480,300480.SZ
34955,300486,300486.SZ
34956,300490,300490.SZ
34957,300494,300494.SZ
34958,300489,300489.SZ
34959,300478,300478.SZ
34960,300471,300471.SZ
34961,300472,300472.SZ
34991,603898,603898.SH
34995,603558,603558.SH
34996,603090,603090.SH
34997,603160,603160.SH
35000,603012,603012.SH
35001,603021,603021.SH
35002,603887,603887.SH
35003,603663,603663.SH
35004,603636,603636.SH
35005,002788,002788.SZ
35006,603618,603618.SH
35007,603986,603986.SH
35008,603588,603588.SH
35009,002760,002760.SZ
35010,002819,002819.SZ
35011,300526,300526.SZ
35012,300496,300496.SZ
35014,300555,300555.SZ
35015,300547,300547.SZ
35016,300522,300522.SZ
35018,300484,300484.SZ
35019,300432,300432.SZ
35051,300535,300535.SZ
35052,300534,300534.SZ
35053,300559,300559.SZ
35054,603118,603118.SH
35055,002793,002793.SZ
35056,002806,002806.SZ
35057,002787,002787.SZ
35059,002789,002789.SZ
35060,002811,002811.SZ
35062,603189,603189.SH
35066,002809,002809.SZ
35068,002817,002817.SZ
35105,300392,300392.SZ
35106,300433,300433.SZ
35107,300462,300462.SZ
35108,300512,300512.SZ
35146,002795,002795.SZ
35147,603718,603718.SH
35148,601900,601900.SH
35194,300500,300500.SZ
35195,002790,002790.SZ
35196,002753,002753.SZ
35197,603799,603799.SH
35231,600936,600936.SH
35232,300517,300517.SZ
35259,002758,002758.SZ
35260,002759,002759.SZ
35261,603159,603159.SH
35262,603589,603589.SH
35304,300519,300519.SZ
35305,300470,300470.SZ
35311,603977,603977.SH
35370,300414,300414.SZ
35371,300425,300425.SZ
35372,300460,300460.SZ
35431,300518,300518.SZ
35432,300506,300506.SZ
35433,300533,300533.SZ
35435,300453,300453.SZ
35436,002797,002797.SZ
35437,603060,603060.SH
35439,603315,603315.SH
35440,603800,603800.SH
35441,603600,603600.SH
35442,603936,603936.SH
35444,603616,603616.SH
35476,300410,300410.SZ
35477,603338,603338.SH
35478,002751,002751.SZ
35479,601966,601966.SH
35480,603018,603018.SH
35511,300395,300395.SZ
35512,603222,603222.SH
35513,603108,603108.SH
35563,002813,002813.SZ
35611,601611,601611.SH
35612,300510,300510.SZ
35614,300447,300447.SZ
35615,300420,300420.SZ
35616,300516,300516.SZ
35643,300364,300364.SZ
35694,603377,603377.SH
35695,603508,603508.SH
35696,300520,300520.SZ
35698,603022,603022.SH
35699,603131,603131.SH
35701,603085,603085.SH
35702,603268,603268.SH
35745,603020,603020.SH
35746,603198,603198.SH
35747,300485,300485.SZ
35749,300404,300404.SZ
35750,603958,603958.SH
35751,603738,603738.SH
35752,603339,603339.SH
35754,300442,300442.SZ
35756,002731,002731.SZ
35757,002777,002777.SZ
35758,300528,300528.SZ
35791,300456,300456.SZ
35792,002803,002803.SZ
35793,603939,603939.SH
35840,300461,300461.SZ
35841,300416,300416.SZ
35842,300468,300468.SZ
35844,300423,300423.SZ
35845,300537,300537.SZ
35846,300431,300431.SZ
35849,603306,603306.SH
35850,603169,603169.SH
35851,603859,603859.SH
35854,002772,002772.SZ
35858,603311,603311.SH
35880,603028,603028.SH
35882,603838,603838.SH
35883,300473,300473.SZ
35885,300474,300474.SZ
35921,300482,300482.SZ
35922,300497,300497.SZ
35923,603066,603066.SH
35924,603027,603027.SH
35970,603678,603678.SH
35971,601127,601127.SH
36000,300549,300549.SZ
36004,603258,603258.SH
36005,603319,603319.SH
36006,603568,603568.SH
36009,603029,603029.SH
36045,002812,002812.SZ
36047,300422,300422.SZ
36049,300542,300542.SZ
36051,300509,300509.SZ
36052,300499,300499.SZ
36091,603007,603007.SH
36092,603658,603658.SH
36093,603822,603822.SH
36095,300503,300503.SZ
36131,603869,603869.SH
36134,603313,603313.SH
36178,300508,300508.SZ
36179,300412,300412.SZ
36219,603299,603299.SH
36220,603026,603026.SH
36222,300525,300525.SZ
36223,300545,300545.SZ
36224,300543,300543.SZ
36226,300531,300531.SZ
36248,600977,600977.SH
36249,603300,603300.SH
36252,603598,603598.SH
36300,603019,603019.SH
36337,002816,002816.SZ
36338,603519,603519.SH
36339,002785,002785.SZ
36367,603067,603067.SH
36408,300428,300428.SZ
36410,603601,603601.SH
36417,002736,002736.SZ
36474,300426,300426.SZ
36475,002765,002765.SZ
36479,002810,002810.SZ
36482,300434,300434.SZ
36483,300539,300539.SZ
36484,300488,300488.SZ
36521,603808,603808.SH
36522,603737,603737.SH
36523,603778,603778.SH
36524,300439,300439.SZ
36556,603398,603398.SH
36557,603223,603223.SH
36558,603016,603016.SH
36560,300450,300450.SZ
36562,601206,601206.SH
36563,300502,300502.SZ
36566,300446,300446.SZ
36594,300427,300427.SZ
36596,300493,300493.SZ
36635,300459,300459.SZ
36636,300487,300487.SZ
36638,300457,300457.SZ
36639,603968,603968.SH
36640,300548,300548.SZ
36641,300451,300451.SZ
36645,300560,300560.SZ
36647,300550,300550.SZ
36649,300394,300394.SZ
36651,300556,300556.SZ
36652,300538,300538.SZ
36653,300551,300551.SZ
36657,300515,300515.SZ
36658,300553,300553.SZ
36660,300540,300540.SZ
36661,300558,300558.SZ
36664,300541,300541.SZ
36669,603716,603716.SH
36670,603888,603888.SH
36677,603669,603669.SH
36678,601163,601163.SH
36686,603203,603203.SH
36709,300458,300458.SZ
36710,300413,300413.SZ
36711,300481,300481.SZ
36713,300408,300408.SZ
36714,600908,600908.SH
36717,601229,601229.SH
36718,603323,603323.SH
36719,600919,600919.SH
36720,002807,002807.SZ
36721,601128,601128.SH
36722,601997,601997.SH
36723,600926,600926.SH
36726,603322,603322.SH
37960,300557,300557.SZ
41556,601020,601020.SH
43570,000166,000166.SZ
46507,603393,603393.SH
46753,603996,603996.SH
59826,300498,300498.SZ
63224,601155,601155.SH
65471,001979,001979.SZ
